City_ID,City,Country,Date,Lat,Lng,Max Temp,Humidity,Cloudiness,Wind Speed
0,Chuy,UY,2022-04-05 02:39:19,-33.6971,-53.4616,54.43,64,0,3.78
1,Kodiak,US,2022-04-05 02:39:49,57.79,-152.4072,38.71,48,75,11.5
2,Taganak,PH,2022-04-05 02:39:49,6.0833,118.3,78.94,75,100,3.8
3,Santa Ana,US,2022-04-05 02:38:46,33.7456,-117.8678,70.32,71,40,5.75
4,Rikitea,PF,2022-04-05 02:34:34,-23.1203,-134.9692,78.51,64,51,12.5
5,Dalvik,IS,2022-04-05 02:39:50,65.9702,-18.5286,24.73,95,100,5.08
6,Cape Town,ZA,2022-04-05 02:30:01,-33.9258,18.4232,60.28,90,75,10.36
7,Dikson,RU,2022-04-05 02:39:50,73.5069,80.5464,4.87,81,50,16.06
8,Longyearbyen,SJ,2022-04-05 02:39:23,78.2186,15.6401,10.24,61,20,14.97
9,Nikolskoye,RU,2022-04-05 02:39:51,59.7035,30.7861,36.88,96,100,15.01
10,Mount Isa,AU,2022-04-05 02:31:02,-20.7333,139.5,91.17,9,6,10.36
11,Vila Franca Do Campo,PT,2022-04-05 02:39:51,37.7167,-25.4333,55.81,65,94,3.91
12,Henties Bay,NA,2022-04-05 02:39:51,-22.116,14.2845,60.12,86,0,6.06
13,Pisco,PE,2022-04-05 02:39:24,-13.7,-76.2167,68.05,77,0,5.75
14,Huaraz,PE,2022-04-05 02:39:52,-9.5333,-77.5333,52.41,89,93,2.26
15,New Norfolk,AU,2022-04-05 02:34:35,-42.7826,147.0587,61.66,59,100,3.0
16,Oytal,KZ,2022-04-05 02:39:52,42.9057,73.2697,65.23,32,0,2.68
17,Adeje,ES,2022-04-05 02:39:52,28.1227,-16.726,59.32,57,20,10.36
18,Novo Aripuana,BR,2022-04-05 02:39:53,-5.1206,-60.3797,73.69,99,100,4.23
19,Ushuaia,AR,2022-04-05 02:34:38,-54.8,-68.3,35.26,93,100,17.27
20,Yellowknife,CA,2022-04-05 02:34:39,62.456,-114.3525,38.28,69,75,5.75
21,Saint-Augustin,CA,2022-04-05 02:39:53,51.226,-58.6502,31.62,91,100,9.82
22,Inyonga,TZ,2022-04-05 02:39:53,-6.7167,32.0667,63.12,95,97,2.46
23,Mwinilunga,ZM,2022-04-05 02:39:54,-11.7358,24.4293,60.71,97,76,2.35
24,Barrow,US,2022-04-05 02:33:35,71.2906,-156.7887,-5.78,65,100,16.11
25,Ferrol,ES,2022-04-05 02:39:54,43.4832,-8.2369,45.68,71,0,8.08
26,Provideniya,RU,2022-04-05 02:38:09,64.3833,-173.3,10.51,61,0,13.42
27,Tuatapere,NZ,2022-04-05 02:39:24,-46.1333,167.6833,65.95,71,100,4.12
28,Busselton,AU,2022-04-05 02:34:37,-33.65,115.3333,67.93,42,0,7.4
29,Taltal,CL,2022-04-05 02:39:55,-25.4,-70.4833,65.64,69,0,3.74
30,Hovd,MN,2022-04-05 02:39:55,48.0056,91.6419,50.88,20,14,1.28
31,Punta Arenas,CL,2022-04-05 02:33:39,-53.15,-70.9167,37.51,81,75,26.46
32,Lebu,CL,2022-04-05 02:38:15,-37.6167,-73.65,54.54,81,98,13.65
33,Cooma,AU,2022-04-05 02:39:55,-36.2333,149.1333,67.77,52,5,4.61
34,Nguru,NG,2022-04-05 02:39:56,12.8791,10.4526,82.17,10,100,5.99
35,Olafsvik,IS,2022-04-05 02:39:56,64.8945,-23.7142,27.97,71,86,33.73
36,Bluff,NZ,2022-04-05 02:38:08,-46.6,168.3333,62.11,84,100,6.44
37,Boa Vista,BR,2022-04-05 02:39:56,2.8197,-60.6733,82.38,69,75,6.91
38,Bo Phloi,TH,2022-04-05 02:39:57,14.3236,99.5161,87.31,40,72,13.87
39,Kapaa,US,2022-04-05 02:38:04,22.0752,-159.319,80.58,72,40,13.8
40,Narsaq,GL,2022-04-05 02:34:31,60.9167,-46.05,46.62,72,100,4.45
41,Airai,TL,2022-04-05 02:39:57,-8.9266,125.4092,75.16,47,16,1.61
42,Georgetown,MY,2022-04-05 02:37:02,5.4112,100.3354,82.33,87,20,5.01
43,Avarua,CK,2022-04-05 02:34:31,-21.2078,-159.775,84.25,74,100,3.44
44,Hobart,AU,2022-04-05 02:35:07,-42.8794,147.3294,62.02,66,75,13.8
45,Nchelenge,ZM,2022-04-05 02:39:58,-9.3451,28.734,68.79,88,100,4.7
46,Bredasdorp,ZA,2022-04-05 02:34:33,-34.5322,20.0403,57.11,84,17,5.7
47,Codrington,AU,2022-04-05 02:40:58,-38.2667,141.9667,63.09,57,100,8.05
48,Abonnema,NG,2022-04-05 02:40:59,4.7084,6.7931,79.18,86,85,4.7
49,Barra Dos Coqueiros,BR,2022-04-05 02:40:59,-10.9089,-37.0386,80.62,78,20,10.36
50,Fortuna,US,2022-04-05 02:40:41,40.5982,-124.1573,52.93,91,100,6.91
51,Canguaretama,BR,2022-04-05 02:40:59,-6.38,-35.1289,74.84,84,13,7.67
52,Albany,US,2022-04-05 02:32:24,42.6001,-73.9662,41.92,73,99,4.12
53,Ponta Do Sol,PT,2022-04-05 02:34:39,32.6667,-17.1,56.03,75,30,11.86
54,Puerto Ayora,EC,2022-04-05 02:34:34,-0.7393,-90.3518,76.55,93,25,5.7
55,Butaritari,KI,2022-04-05 02:41:00,3.0707,172.7902,82.0,80,21,15.32
56,Sapernoye,RU,2022-04-05 02:41:00,60.7167,29.9505,33.49,97,100,13.62
57,Lavrentiya,RU,2022-04-05 02:39:25,65.5833,-171.0,1.08,84,12,11.01
58,Kaitangata,NZ,2022-04-05 02:38:14,-46.2817,169.8464,68.47,61,100,4.54
59,Prachuap Khiri Khan,TH,2022-04-05 02:41:00,12.2167,99.75,87.71,43,87,12.21
60,Batemans Bay,AU,2022-04-05 02:41:01,-35.7167,150.1833,67.1,76,62,7.72
61,Jamestown,US,2022-04-05 02:32:46,42.097,-79.2353,41.18,52,100,5.75
62,Fort Nelson,CA,2022-04-05 02:41:01,58.8053,-122.7002,36.99,56,40,11.5
63,Raudeberg,NO,2022-04-05 02:41:02,61.9875,5.1352,30.87,94,100,19.37
64,Mehamn,NO,2022-04-05 02:41:02,71.0357,27.8492,21.15,93,75,4.61
65,West Helena,US,2022-04-05 02:41:02,34.5507,-90.6418,64.08,87,100,6.69
66,Helong,CN,2022-04-05 02:41:03,42.5397,128.9972,58.51,42,37,17.6
67,Jieshi,CN,2022-04-05 02:41:03,22.8134,115.8257,72.95,53,0,4.83
68,Atuona,PF,2022-04-05 02:38:09,-9.8,-139.0333,79.5,76,5,21.74
69,Kandiari,PK,2022-04-05 02:41:03,26.9156,68.5216,88.72,17,33,3.49
70,Mataura,NZ,2022-04-05 02:34:29,-46.1927,168.8643,66.25,67,100,1.86
71,Kudahuvadhoo,MV,2022-04-05 02:41:04,2.6708,72.8944,83.23,61,4,0.98
72,Deer Lake,CA,2022-04-05 02:41:04,49.1667,-57.4316,33.66,75,100,16.11
73,Qaanaaq,GL,2022-04-05 02:39:16,77.484,-69.3632,28.65,72,100,9.98
74,College,US,2022-04-05 02:41:04,64.8569,-147.8028,24.58,55,75,8.05
75,Thompson,CA,2022-04-05 02:34:37,55.7435,-97.8558,35.76,51,0,3.44
76,East London,ZA,2022-04-05 02:41:05,-33.0153,27.9116,63.91,74,3,6.82
77,Kaeo,NZ,2022-04-05 02:34:28,-35.1,173.7833,69.6,89,100,7.67
78,San Carlos De Bariloche,AR,2022-04-05 02:41:05,-41.1456,-71.3082,47.95,71,40,17.27
79,U Thong,TH,2022-04-05 02:41:05,14.3751,99.8923,88.72,38,42,13.35
80,Lompoc,US,2022-04-05 02:38:12,34.6391,-120.4579,69.94,76,0,35.01
81,Wanaka,NZ,2022-04-05 02:41:06,-44.7,169.15,65.1,72,100,1.99
82,Alofi,NU,2022-04-05 02:41:06,-19.0595,-169.9187,73.29,100,100,3.44
83,Nelson Bay,AU,2022-04-05 02:37:06,-32.7167,152.15,77.05,64,0,8.79
84,Vaini,TO,2022-04-05 02:41:07,-21.2,-175.2,80.76,83,75,6.91
85,Guerrero Negro,MX,2022-04-05 02:38:06,27.9769,-114.0611,59.74,86,0,17.0
86,Makat,KZ,2022-04-05 02:41:07,47.6469,53.3463,44.85,57,5,14.45
87,Dawlatabad,AF,2022-04-05 02:41:07,36.4141,64.9053,75.13,19,0,2.86
88,Waipawa,NZ,2022-04-05 02:41:08,-41.4122,175.5153,65.64,72,100,15.12
89,Bielsk Podlaski,PL,2022-04-05 02:41:08,52.7651,23.1865,34.25,97,100,21.61
90,Coahuayana,MX,2022-04-05 02:41:08,18.7333,-103.6833,67.32,91,17,2.08
91,Wamba,NG,2022-04-05 02:42:09,8.9333,8.6,76.15,58,84,2.3
92,Hithadhoo,MV,2022-04-05 02:40:39,-0.6,73.0833,82.69,67,6,1.77
93,Erenhot,CN,2022-04-05 02:42:09,43.6475,111.9767,38.14,21,94,9.26
94,Igrim,RU,2022-04-05 02:42:09,63.1906,64.4162,25.2,96,100,3.2
95,Aden,YE,2022-04-05 02:42:10,12.7794,45.0367,81.75,62,0,10.8
96,Shumikha,RU,2022-04-05 02:42:10,55.2261,63.2961,38.57,96,100,6.96
97,Tiksi,RU,2022-04-05 02:38:13,71.6872,128.8694,-2.99,98,100,4.83
98,Matay,EG,2022-04-05 02:42:11,28.419,30.7792,71.22,19,0,5.21
99,Bagotville,AU,2022-04-05 02:42:11,-28.9833,153.4167,82.85,72,0,6.46
100,Kiama,AU,2022-04-05 02:42:11,-34.6833,150.8667,79.38,70,1,6.71
101,Mackay,AU,2022-04-05 02:42:12,-21.15,149.2,89.69,61,95,11.5
102,Zyryanka,RU,2022-04-05 02:42:12,65.75,150.85,7.05,83,100,7.23
103,Verkhniy Lomov,RU,2022-04-05 02:42:12,53.4678,43.5511,22.24,96,84,6.33
104,Hami,CN,2022-04-05 02:39:11,42.8,93.45,66.97,10,2,1.34
105,Turan,VN,2022-04-05 02:42:13,16.0678,108.2208,75.18,69,75,1.14
106,Teocaltiche,MX,2022-04-05 02:42:13,21.4333,-102.5833,68.99,16,6,11.36
107,Vila Do Maio,CV,2022-04-05 02:42:14,15.1333,-23.2167,70.59,73,59,11.83
108,Kasrawad,IN,2022-04-05 02:42:14,22.1333,75.6,93.45,11,0,5.14
109,Hermanus,ZA,2022-04-05 02:34:32,-34.4187,19.2345,61.81,82,36,11.5
110,Saint Anthony,US,2022-04-05 02:42:15,45.0205,-93.218,40.71,78,0,11.5
111,Pafos,CY,2022-04-05 02:42:15,34.7667,32.4167,58.78,38,79,3.44
112,Rawson,AR,2022-04-05 02:42:15,-43.3002,-65.1023,63.28,41,96,7.14
113,Upernavik,GL,2022-04-05 02:34:29,72.7868,-56.1549,18.09,82,100,5.84
114,Chokurdakh,RU,2022-04-05 02:34:34,70.6333,147.9167,-5.91,91,15,10.07
115,Saint George,US,2022-04-05 02:41:01,37.1041,-113.5841,76.62,14,0,8.05
116,Bethel,US,2022-04-05 02:42:16,41.3712,-73.414,48.51,61,40,4.61
117,Torbay,CA,2022-04-05 02:35:30,47.6666,-52.7314,38.88,96,100,25.32
118,Faya,SA,2022-04-05 02:42:16,18.3851,42.4509,59.11,22,1,3.8
119,Merrill,US,2022-04-05 02:40:19,45.1805,-89.6835,35.82,97,40,0.0
120,Hambantota,LK,2022-04-05 02:42:17,6.1241,81.1185,80.94,94,40,2.3
121,Saldanha,ZA,2022-04-05 02:42:17,-33.0117,17.9442,59.05,88,16,10.22
122,Srednekolymsk,RU,2022-04-05 02:42:17,67.45,153.6833,-0.62,80,100,1.66
123,Bengkulu,ID,2022-04-05 02:42:18,-3.8004,102.2655,84.16,59,33,4.65
124,Lagoa,PT,2022-04-05 02:42:18,39.05,-27.9833,59.02,72,61,8.72
125,Salamiyah,SY,2022-04-05 02:42:18,35.0113,37.0532,57.31,32,36,4.81
126,Bilibino,RU,2022-04-05 02:42:19,68.0546,166.4372,7.84,68,4,3.15
127,Kizilskoye,RU,2022-04-05 02:42:19,52.7255,58.8937,37.62,77,54,16.62
128,Carnarvon,AU,2022-04-05 02:38:14,-24.8667,113.6333,82.47,61,0,12.66
129,Pevek,RU,2022-04-05 02:34:31,69.7008,170.3133,-7.42,89,60,1.66
130,Vestmannaeyjar,IS,2022-04-05 02:42:20,63.4427,-20.2734,35.2,75,100,20.02
131,Manokwari,ID,2022-04-05 02:42:20,-0.8667,134.0833,83.08,75,99,9.78
132,Port Alfred,ZA,2022-04-05 02:34:33,-33.5906,26.891,62.51,78,0,8.95
133,Coihaique,CL,2022-04-05 02:42:20,-45.5752,-72.0662,52.41,82,75,6.91
134,Akdepe,TM,2022-04-05 02:42:21,42.0551,59.3788,59.09,64,19,23.53
135,Kushmurun,KZ,2022-04-05 02:43:21,52.4503,64.6311,40.08,90,97,11.5
136,Bonfim,BR,2022-04-05 02:43:21,3.0833,-59.95,78.62,72,65,5.19
137,Beloha,MG,2022-04-05 02:43:22,-25.1667,45.05,70.39,86,14,5.44
138,Kichera,RU,2022-04-05 02:43:22,55.9375,110.0997,18.37,66,49,2.95
139,Sao Filipe,CV,2022-04-05 02:43:22,14.8961,-24.4956,70.95,74,4,6.22
140,Bukama,CD,2022-04-05 02:43:22,-9.2,25.85,67.82,94,97,2.66
141,Port Blair,IN,2022-04-05 02:43:23,11.6667,92.75,80.64,89,40,2.3
142,Hilo,US,2022-04-05 02:39:22,19.7297,-155.09,76.73,79,75,5.75
143,Arraial Do Cabo,BR,2022-04-05 02:39:09,-22.9661,-42.0278,76.28,89,1,14.61
144,Ilulissat,GL,2022-04-05 02:38:07,69.2167,-51.1,28.42,74,60,3.44
145,Xique-Xique,BR,2022-04-05 02:43:23,-10.8218,-42.7263,78.1,63,83,10.38
146,Iqaluit,CA,2022-04-05 02:40:38,63.7506,-68.5145,6.53,77,40,12.66
147,Mar Del Plata,AR,2022-04-05 02:37:07,-38.0023,-57.5575,61.88,77,0,3.0
148,Ribeira Grande,PT,2022-04-05 02:43:24,38.5167,-28.7,59.99,74,44,8.7
149,Buraydah,SA,2022-04-05 02:43:24,26.326,43.975,72.05,15,70,9.19
150,Aswan,EG,2022-04-05 02:43:24,24.0934,32.907,78.1,16,0,9.22
151,Clyde River,CA,2022-04-05 02:39:19,70.4692,-68.5914,7.03,72,0,3.44
152,Limbang,MY,2022-04-05 02:43:25,4.75,115.0,80.71,76,100,4.81
153,Cabo San Lucas,MX,2022-04-05 02:39:39,22.8909,-109.9124,70.61,69,20,11.5
154,Svetlogorsk,BY,2022-04-05 02:43:25,52.6333,29.7333,32.4,62,100,16.6
155,Naze,JP,2022-04-05 02:43:25,28.3667,129.4833,65.32,49,6,5.26
156,Puerto Del Rosario,ES,2022-04-05 02:43:26,28.5004,-13.8627,58.75,58,0,6.91
157,Tateyama,JP,2022-04-05 02:43:26,34.9833,139.8667,53.94,82,86,20.65
158,At-Bashi,KG,2022-04-05 02:43:27,41.1702,75.8106,41.31,52,0,2.57
159,Saint-Philippe,RE,2022-04-05 02:43:28,-21.3585,55.7679,75.22,88,71,11.1
160,Estelle,US,2022-04-05 02:43:28,29.8458,-90.1067,73.4,75,100,10.36
161,Berlevag,NO,2022-04-05 02:42:51,70.8578,29.0864,21.2,68,97,15.84
162,Vila Velha,BR,2022-04-05 02:43:28,-20.3297,-40.2925,76.95,93,20,2.3
163,Yarim,YE,2022-04-05 02:43:29,14.298,44.3779,53.15,23,2,5.35
164,Pedernales,DO,2022-04-05 02:43:29,18.0384,-71.744,77.59,78,8,5.64
165,West Wendover,US,2022-04-05 02:41:38,40.7391,-114.0733,61.81,29,100,23.02
166,Leningradskiy,RU,2022-04-05 02:43:29,69.3833,178.4167,-1.7,86,48,4.83
167,Bani Walid,LY,2022-04-05 02:43:30,31.7566,13.9942,76.71,12,99,14.12
168,Puerto Princesa,PH,2022-04-05 02:43:30,9.7392,118.7353,86.59,65,100,5.55
169,Jiquipilas,MX,2022-04-05 02:43:30,16.6667,-93.65,72.46,74,0,5.19
170,Macesu De Sus,RO,2022-04-05 02:43:30,43.9167,23.7,35.67,54,1,2.08
171,Cabedelo,BR,2022-04-05 02:43:31,-6.9811,-34.8339,75.87,79,24,9.69
172,Unterseen,CH,2022-04-05 02:43:31,46.6853,7.8472,37.72,81,81,4.21
173,Mitchell,US,2022-04-05 02:43:31,43.7094,-98.0298,53.58,35,0,27.63
174,Aranos,NA,2022-04-05 02:43:32,-24.1333,19.1167,60.4,24,0,6.93
175,Hudson Bay,CA,2022-04-05 02:43:32,52.85,-102.3842,32.0,94,32,8.86
176,Kavieng,PG,2022-04-05 02:43:32,-2.5744,150.7967,83.35,75,100,9.75
177,Margate,GB,2022-04-05 02:30:26,51.3813,1.3862,53.31,82,100,5.99
178,Plettenberg Bay,ZA,2022-04-05 02:43:33,-34.0527,23.3716,60.33,83,5,6.46
179,Guzelyurt,TR,2022-04-05 02:43:33,38.2772,34.3719,48.79,46,100,10.76
180,Shelburne,CA,2022-04-05 02:43:33,44.0787,-80.2041,36.75,87,89,6.46
181,Moindou,NC,2022-04-05 02:43:34,-21.6924,165.677,82.74,73,100,6.55
182,Muros,ES,2022-04-05 02:44:34,42.7762,-9.0603,45.09,64,0,16.28
183,Phangnga,TH,2022-04-05 02:44:34,8.4509,98.5298,82.44,93,100,3.49
184,Talnakh,RU,2022-04-05 02:34:40,69.4865,88.3972,6.94,79,31,9.98
185,Colac,AU,2022-04-05 02:44:35,-38.3333,143.5833,63.18,48,100,1.07
186,Vryburg,ZA,2022-04-05 02:44:35,-26.9566,24.7284,57.6,46,0,5.93
187,Altay,CN,2022-04-05 02:44:35,47.8667,88.1167,47.5,60,5,5.12
188,Ambilobe,MG,2022-04-05 02:44:36,-13.2,49.05,72.25,95,98,1.7
189,Saskylakh,RU,2022-04-05 02:38:08,71.9167,114.0833,-3.73,94,99,8.43
190,Saint-Georges,GD,2022-04-05 02:41:41,12.0564,-61.7485,78.48,78,20,16.11
191,Xiuyan,CN,2022-04-05 02:44:36,40.2928,123.2744,55.6,55,57,7.47
192,Pangnirtung,CA,2022-04-05 02:44:37,66.1451,-65.7125,4.01,97,100,1.52
193,Petropavlovka,RU,2022-04-05 02:44:37,50.6114,105.3196,30.58,59,99,3.13
194,Acarau,BR,2022-04-05 02:44:37,-2.8856,-40.12,77.45,87,100,7.56
195,Meulaboh,ID,2022-04-05 02:44:37,4.1363,96.1285,81.72,73,99,2.15
196,Tomioka,JP,2022-04-05 02:44:38,36.25,138.9,63.95,56,58,5.91
197,Tuktoyaktuk,CA,2022-04-05 02:38:10,69.4541,-133.0374,-14.8,70,75,5.75
198,Caravelas,BR,2022-04-05 02:44:38,-17.7125,-39.2481,75.74,83,0,3.2
199,Pazaric,BA,2022-04-05 02:44:38,43.7886,18.1608,28.62,100,0,1.14
200,Ipixuna,BR,2022-04-05 02:44:39,-1.7625,-48.8043,74.1,97,100,1.86
201,Igarka,RU,2022-04-05 02:44:39,67.4667,86.5833,20.32,92,100,20.85
202,Skjervoy,NO,2022-04-05 02:44:39,70.0311,20.9714,25.36,64,30,10.54
203,Willowmore,ZA,2022-04-05 02:44:40,-33.2926,23.4895,54.41,77,5,3.2
204,Rocha,UY,2022-04-05 02:44:40,-34.4833,-54.3333,48.56,64,0,3.04
205,Brae,GB,2022-04-05 02:44:41,60.3964,-1.353,36.1,59,100,16.75
206,Satipo,PE,2022-04-05 02:44:41,-11.2522,-74.6386,68.27,98,52,2.3
207,Flin Flon,CA,2022-04-05 02:44:41,54.7682,-101.865,28.94,88,65,13.87
208,Katsuura,JP,2022-04-05 02:44:43,35.1333,140.3,53.08,88,99,20.0
209,Manavgat,TR,2022-04-05 02:44:43,36.7867,31.4431,61.29,57,100,2.21
210,Cacapava Do Sul,BR,2022-04-05 02:44:43,-30.5122,-53.4914,57.74,98,11,3.02
211,Chalons-En-Champagne,FR,2022-04-05 02:44:44,48.9539,4.3672,46.47,81,100,13.56
212,Lasem,ID,2022-04-05 02:44:44,-6.6922,111.4527,84.18,70,47,3.58
213,Shishou,CN,2022-04-05 02:44:44,29.7226,112.419,66.67,62,100,7.96
214,Dingle,PH,2022-04-05 02:44:45,10.9995,122.6711,85.06,66,100,10.71
215,Constitucion,CL,2022-04-05 02:42:50,-35.3333,-72.4167,55.53,62,0,8.08
216,Uchiza,PE,2022-04-05 02:44:45,-8.4592,-76.4633,68.85,97,40,2.62
217,Mae Hong Son,TH,2022-04-05 02:44:48,19.3003,97.9685,80.74,57,20,2.3
218,Svetlyy,RU,2022-04-05 02:39:15,54.675,20.1347,39.96,97,100,24.61
219,Kawalu,ID,2022-04-05 02:44:48,-7.3817,108.2082,85.33,61,40,2.53
220,San Patricio,US,2022-04-05 02:40:34,28.017,-97.5169,76.89,86,43,10.11
221,Kulim,MY,2022-04-05 02:44:49,5.365,100.5618,83.73,78,100,1.36
222,Boyolangu,ID,2022-04-05 02:44:49,-8.1181,111.8935,84.34,69,39,4.5
223,Turukhansk,RU,2022-04-05 02:44:49,65.8167,87.9833,26.38,94,100,18.52
224,Severo-Kurilsk,RU,2022-04-05 02:44:50,50.6789,156.125,35.89,92,30,7.81
225,Pochutla,MX,2022-04-05 02:45:50,15.7432,-96.4661,78.82,71,0,6.04
226,Kalamare,BW,2022-04-05 02:45:50,-22.9337,26.5703,60.76,86,1,4.18
227,Victoria,HK,2022-04-05 02:40:52,22.2855,114.1577,76.95,56,8,5.99
228,Disna,BY,2022-04-05 02:45:51,55.568,28.1971,32.94,90,100,22.53
229,Te Anau,NZ,2022-04-05 02:41:36,-45.4167,167.7167,63.12,77,100,5.59
230,Puerto Ayacucho,VE,2022-04-05 02:45:51,5.6639,-67.6236,75.42,90,49,4.18
231,Labuhan,ID,2022-04-05 02:45:51,-6.8844,112.2051,84.34,71,14,1.9
232,Severnoye,RU,2022-04-05 02:45:51,56.3491,78.3619,37.54,90,100,10.25
233,Palmer,US,2022-04-05 02:45:52,42.1584,-72.3287,47.75,53,75,9.22
234,Bontang,ID,2022-04-05 02:45:52,0.1333,117.5,76.82,92,100,7.49
235,Monastyrshchina,RU,2022-04-05 02:45:53,54.3496,31.838,29.62,86,97,16.37
236,Ipatovo,RU,2022-04-05 02:45:53,45.7181,42.9036,38.91,87,100,4.23
237,Bowen,AU,2022-04-05 02:45:53,-20.0167,148.2333,82.98,65,8,14.05
238,Bermejo,AR,2022-04-05 02:45:54,-32.8833,-68.8,57.11,54,0,0.0
239,Khatanga,RU,2022-04-05 02:39:20,71.9667,102.5,-2.72,84,22,7.38
240,Marawi,PH,2022-04-05 02:45:54,7.9986,124.2928,77.31,76,100,5.75
241,Wuwei,CN,2022-04-05 02:45:54,37.9281,102.6414,58.77,16,1,2.84
242,Yar-Sale,RU,2022-04-05 02:45:54,66.8333,70.8333,22.26,97,88,6.31
243,Sisimiut,GL,2022-04-05 02:45:55,66.9395,-53.6735,24.04,95,80,2.82
244,Pontianak,ID,2022-04-05 02:45:55,-0.0333,109.3333,84.18,79,20,3.44
245,Bonavista,CA,2022-04-05 02:45:55,48.6499,-53.1147,33.13,96,100,30.36
246,Micheweni,TZ,2022-04-05 02:45:56,-4.9667,39.8333,80.83,78,22,3.06
247,Beringovskiy,RU,2022-04-05 02:44:11,63.05,179.3167,-0.71,82,59,16.62
248,Hasaki,JP,2022-04-05 02:45:56,35.7333,140.8333,52.2,80,100,20.15
249,Ancud,CL,2022-04-05 02:45:57,-41.8697,-73.8203,57.22,97,100,12.59
250,Mingguang,CN,2022-04-05 02:45:57,32.7802,117.9638,67.87,45,100,9.4
251,Los Andes,CL,2022-04-05 02:45:57,-32.8337,-70.5983,62.01,43,0,1.16
252,San Jose,US,2022-04-05 02:44:03,37.3394,-121.895,61.88,74,40,14.97
253,Bambous Virieux,MU,2022-04-05 02:45:58,-20.3428,57.7575,77.25,94,75,10.36
254,Esperance,AU,2022-04-05 02:45:58,-33.8667,121.9,66.04,62,60,12.86
255,Namatanai,PG,2022-04-05 02:45:58,-3.6667,152.4333,85.41,68,71,13.06
256,Fredericton,CA,2022-04-05 02:42:36,45.9454,-66.6656,38.44,49,0,4.61
257,Aguimes,ES,2022-04-05 02:45:59,27.9054,-15.4461,57.83,51,20,10.36
258,Laguna,US,2022-04-05 02:38:11,38.421,-121.4238,69.94,67,0,10.36
259,Touros,BR,2022-04-05 02:46:04,-5.1989,-35.4608,77.14,82,74,9.24
260,Aripuana,BR,2022-04-05 02:46:06,-9.1667,-60.6333,72.81,99,100,0.98
261,Deputatskiy,RU,2022-04-05 02:46:09,69.3,139.9,-0.44,89,98,3.96
262,General Roca,AR,2022-04-05 02:46:12,-39.0333,-67.5833,57.61,17,9,9.1
263,Khani,GE,2022-04-05 02:46:15,41.9563,42.9566,40.57,82,80,7.85
264,Cotonou,BJ,2022-04-05 02:46:18,6.3654,2.4183,82.38,89,40,10.36
265,Namibe,AO,2022-04-05 02:46:21,-15.1961,12.1522,67.64,82,30,5.77
266,Biak,ID,2022-04-05 02:38:07,-0.9131,122.8766,83.32,69,85,3.85
267,Cherskiy,RU,2022-04-05 02:41:45,68.75,161.3,0.5,85,24,4.38
268,Heyang,CN,2022-04-05 02:46:27,26.1011,107.473,53.73,83,100,2.53
269,Jiblah,YE,2022-04-05 02:46:29,13.9216,44.1467,60.84,33,1,3.87
270,Sobolevo,RU,2022-04-05 02:46:32,54.4299,31.8996,29.46,87,97,16.04
271,Antofagasta,CL,2022-04-05 02:47:34,-23.65,-70.4,60.08,75,45,3.31
272,Aksu,CN,2022-04-05 02:47:37,41.1231,80.2644,63.41,20,7,3.22
273,Aasiaat,GL,2022-04-05 02:47:44,68.7098,-52.8699,22.84,96,92,8.32
274,Anloga,GH,2022-04-05 02:47:47,5.7947,0.8973,81.99,82,96,9.98
275,Aklavik,CA,2022-04-05 02:47:48,68.2191,-135.0107,-10.05,90,100,5.57
276,Conceicao Do Araguaia,BR,2022-04-05 02:47:50,-8.2578,-49.2647,72.97,88,26,0.96
277,Bilma,NE,2022-04-05 02:47:50,18.6853,12.9164,81.34,7,14,6.51
278,Sabang,ID,2022-04-05 02:44:14,5.8933,95.3214,81.55,70,100,3.11
279,Ndioum,SN,2022-04-05 02:47:51,16.5129,-14.6471,68.05,68,5,10.49
280,Mae Chan,TH,2022-04-05 02:47:51,20.1467,99.8526,81.23,44,11,1.92
281,Mantua,IT,2022-04-05 02:47:51,45.1667,10.7833,40.24,86,3,1.99
282,La Ciotat,FR,2022-04-05 02:47:52,43.1748,5.6045,40.87,65,0,5.01
283,Chicama,PE,2022-04-05 02:47:52,-7.8447,-79.1469,63.14,79,39,5.84
284,Russell,US,2022-04-05 02:47:52,32.3502,-85.1999,67.23,76,0,0.0
285,Cidreira,BR,2022-04-05 02:35:39,-30.1811,-50.2056,68.32,87,64,7.56
286,Kruisfontein,ZA,2022-04-05 02:47:53,-34.0033,24.7314,57.88,73,2,9.28
287,Sibolga,ID,2022-04-05 02:47:53,1.7427,98.7792,84.67,62,100,2.17
288,Flic En Flac,MU,2022-04-05 02:47:54,-20.2742,57.3631,77.56,85,45,8.59
289,Khilok,RU,2022-04-05 02:47:54,51.3674,110.4676,25.77,52,12,8.57
290,Shingu,JP,2022-04-05 02:47:54,33.7333,135.9833,60.1,41,0,5.55
291,Nouakchott,MR,2022-04-05 02:47:54,18.0858,-15.9785,64.33,86,0,12.84
292,Rio Grande,BR,2022-04-05 02:47:55,-32.035,-52.0986,60.91,74,95,8.72
293,Mildura,AU,2022-04-05 02:47:55,-34.2,142.15,83.07,24,0,5.75
294,Halifax,CA,2022-04-05 02:47:55,44.6453,-63.5724,32.0,86,82,12.66
295,Teguldet,RU,2022-04-05 02:47:56,57.3064,88.1667,37.33,96,100,7.67
296,Malangali,TZ,2022-04-05 02:47:56,-8.5667,34.85,60.42,94,84,3.44
297,Banjar,ID,2022-04-05 02:47:56,-8.19,114.9675,87.96,55,54,2.98
298,Sulangan,PH,2022-04-05 02:47:56,11.1373,123.7228,81.61,81,99,11.92
299,Faanui,PF,2022-04-05 02:47:57,-16.4833,-151.75,83.19,74,9,17.47
300,Shimoda,JP,2022-04-05 02:47:57,34.6667,138.95,61.11,67,29,12.37
301,Souillac,MU,2022-04-05 02:47:57,-20.5167,57.5167,77.38,94,75,10.36
302,Zlobin,HR,2022-04-05 02:47:58,45.2924,14.6541,35.67,89,20,4.61
303,Rochegda,RU,2022-04-05 02:47:58,62.8,43.25,12.56,96,54,4.38
304,Redmond,US,2022-04-05 02:46:46,47.674,-122.1215,45.16,76,83,21.0
305,Bridlington,GB,2022-04-05 02:47:58,54.0831,-0.1919,50.52,85,100,16.69
306,Marathon,US,2022-04-05 02:47:59,44.9,-89.7668,36.64,89,0,0.0
307,Preobrazheniye,RU,2022-04-05 02:47:59,42.9019,133.9064,46.02,76,83,10.74
308,Matara,LK,2022-04-05 02:47:59,5.9485,80.5353,80.62,76,89,2.06
309,Avera,US,2022-04-05 02:48:00,33.194,-82.5271,58.51,57,53,3.69
310,Japura,ID,2022-04-05 02:48:00,-0.3167,102.35,85.1,70,48,2.59
311,Yangambi,CD,2022-04-05 02:48:00,0.8102,24.4336,69.1,96,88,1.03
312,Goderich,CA,2022-04-05 02:43:18,43.7501,-81.7165,37.9,87,100,10.36
313,Kavaratti,IN,2022-04-05 02:39:23,10.5669,72.642,82.26,73,58,2.68
314,Erzin,TR,2022-04-05 02:48:01,36.9559,36.2,58.08,60,69,1.01
315,Chapais,CA,2022-04-05 02:47:47,49.7834,-74.8492,22.78,96,25,3.11
316,Castro,BR,2022-04-05 02:48:01,-24.7911,-50.0119,64.04,95,100,1.23
317,Sun Valley,US,2022-04-05 02:48:01,39.5963,-119.776,57.13,50,0,20.71
318,Pimentel,PE,2022-04-05 02:48:02,-6.8367,-79.9342,69.57,84,39,11.36
319,Cao Bang,VN,2022-04-05 02:48:55,22.6667,106.25,77.41,45,43,0.43
320,Asau,RO,2022-04-05 02:49:02,46.4333,26.4,34.72,85,2,6.06
321,Anadyr,RU,2022-04-05 02:49:02,64.75,177.4833,3.7,71,0,13.42
322,Surgut,RU,2022-04-05 02:49:03,61.25,73.4167,39.38,93,20,7.0
323,Belaya Gora,RU,2022-04-05 02:49:03,68.5333,146.4167,3.56,82,91,11.03
324,Pathein,MM,2022-04-05 02:49:03,16.7833,94.7333,89.13,50,56,0.78
325,Santa Fe,AR,2022-04-05 02:49:04,-31.6333,-60.7,58.01,87,0,5.77
326,Barbacena,BR,2022-04-05 02:49:04,-21.2258,-43.7736,62.74,93,50,1.52
327,Mitsamiouli,KM,2022-04-05 02:49:04,-11.3847,43.2844,81.46,75,4,4.97
328,Palmeirais,BR,2022-04-05 02:49:05,-5.9778,-43.0633,74.66,91,100,2.28
329,Havelock,US,2022-04-05 02:49:05,34.8791,-76.9013,61.93,68,0,4.61
330,Richards Bay,ZA,2022-04-05 02:46:44,-28.783,32.0377,68.9,85,3,6.53
331,Kendari,ID,2022-04-05 02:49:05,-3.945,122.4989,87.58,59,100,0.89
332,Taoudenni,ML,2022-04-05 02:49:06,22.6783,-3.9836,79.23,20,0,8.72
333,La Ronge,CA,2022-04-05 02:49:06,55.1001,-105.2842,39.45,60,20,18.41
334,Yulara,AU,2022-04-05 02:49:07,-25.2406,130.9889,89.44,12,5,4.61
335,Kokkola,FI,2022-04-05 02:49:07,63.8385,23.1307,23.94,92,75,16.11
336,Lorengau,PG,2022-04-05 02:49:07,-2.0226,147.2712,83.95,75,100,15.52
337,Grindavik,IS,2022-04-05 02:49:08,63.8424,-22.4338,28.9,93,100,20.71
338,Komsomolskiy,UZ,2022-04-05 02:48:59,40.4272,71.7189,63.32,36,0,4.61
339,Tual,ID,2022-04-05 02:44:18,-5.6667,132.75,82.29,67,11,4.09
340,Tombouctou,ML,2022-04-05 02:49:08,20.0,-3.0,80.62,14,0,10.22
341,Port Lincoln,AU,2022-04-05 02:49:08,-34.7333,135.8667,61.48,78,100,15.39
342,Peno,RU,2022-04-05 02:49:09,56.9262,32.7426,30.54,90,100,13.6
343,Pietarsaari,FI,2022-04-05 02:49:09,63.65,22.6833,23.13,83,100,5.99
344,Lodja,CD,2022-04-05 02:49:09,-3.4833,23.4333,65.86,98,98,1.21
345,Marystown,CA,2022-04-05 02:49:10,47.1666,-55.1483,38.86,100,100,11.99
346,Saint-Pierre,RE,2022-04-05 02:49:10,-21.3393,55.4781,75.29,83,100,3.44
347,De Aar,ZA,2022-04-05 02:49:10,-30.6497,24.0123,51.85,59,0,4.43
348,Gweta,BW,2022-04-05 02:49:11,-20.1833,25.2333,69.71,74,10,5.39
349,Tasiilaq,GL,2022-04-05 02:39:19,65.6145,-37.6368,14.16,91,95,5.82
350,Bac Lieu,VN,2022-04-05 02:49:11,9.285,105.7244,85.55,66,77,17.05
351,Itarema,BR,2022-04-05 02:47:50,-2.9248,-39.9167,76.59,89,100,6.64
352,Leibnitz,AT,2022-04-05 02:49:12,46.7816,15.5384,38.88,74,65,1.01
353,San Cristobal,VE,2022-04-05 02:49:12,7.7669,-72.225,73.58,86,45,2.59
354,Broken Hill,AU,2022-04-05 02:49:12,-31.95,141.4333,78.51,27,0,3.44
355,Upata,VE,2022-04-05 02:49:12,8.0086,-62.3989,73.33,85,67,7.45
356,Praya,CV,2022-04-05 02:49:13,14.9215,-23.5087,70.34,78,75,10.36
357,Tadine,NC,2022-04-05 02:49:13,-21.55,167.8833,82.49,78,100,13.18
358,Flinders,AU,2022-04-05 02:49:13,-34.5833,150.8552,79.18,68,1,4.0
359,Tautira,PF,2022-04-05 02:49:14,-17.7333,-149.15,82.71,76,25,16.31
360,Minab,IR,2022-04-05 02:49:14,27.1467,57.0801,64.72,63,9,0.0
361,Walvis Bay,NA,2022-04-05 02:44:32,-22.9575,14.5053,57.09,94,0,3.44
362,Mahon,ES,2022-04-05 02:49:14,39.8885,4.2658,52.36,71,20,16.11
363,Kuching,MY,2022-04-05 02:49:15,1.55,110.3333,84.42,79,40,2.3
364,Harper,LR,2022-04-05 02:49:15,4.375,-7.7169,80.02,87,100,7.58
365,Leh,IN,2022-04-05 02:45:30,34.1667,77.5833,31.08,59,5,2.98
366,Dhaulpur,IN,2022-04-05 02:50:16,26.7,77.9,88.74,5,3,2.33
367,Ati,TD,2022-04-05 02:50:18,13.2154,18.3353,81.1,11,51,3.69
368,Sompeta,IN,2022-04-05 02:50:19,18.9333,84.6,85.33,65,61,8.34
369,Fuerte Olimpo,PY,2022-04-05 02:50:22,-21.0415,-57.8738,78.53,63,21,3.33
370,Hamilton,US,2022-04-05 02:50:12,39.1834,-84.5333,51.75,73,0,8.05
371,Anaconda,US,2022-04-05 02:50:27,46.1285,-112.9423,34.79,81,76,20.29
372,Amazar,RU,2022-04-05 02:50:30,53.858,120.875,24.31,44,100,11.81
373,Arrifes,PT,2022-04-05 02:50:31,37.7667,-25.7,53.85,71,20,5.75
374,Nuuk,GL,2022-04-05 02:50:36,64.1835,-51.7216,21.72,92,100,3.09
375,Maraa,BR,2022-04-05 02:50:38,-1.8333,-65.3667,73.04,99,92,2.3
376,Jimenez,MX,2022-04-05 02:47:38,28.3333,-105.4,70.05,14,1,9.24
377,Tezu,IN,2022-04-05 02:50:43,27.9167,96.1667,67.57,88,100,4.45
378,Bati,ET,2022-04-05 02:50:43,11.1833,40.0167,64.47,31,27,6.85
379,Miyako,JP,2022-04-05 02:46:20,39.6367,141.9525,54.19,67,28,7.09
380,Chara,RU,2022-04-05 02:50:45,56.9064,118.2631,11.61,41,56,2.01
381,Lakhnadon,IN,2022-04-05 02:50:48,22.6,79.6,91.04,17,0,4.68
382,Whitehorse,CA,2022-04-05 02:50:49,60.7161,-135.0538,39.02,43,40,10.36
383,Fare,PF,2022-04-05 02:50:52,-16.7,-151.0167,82.92,74,70,17.34
384,Nabire,ID,2022-04-05 02:49:18,-3.3667,135.4833,89.31,46,63,4.07
385,Kembe,CF,2022-04-05 02:50:58,4.6228,21.8865,69.19,92,100,1.92
386,Geraldton,AU,2022-04-05 02:51:01,-28.7667,114.6,75.61,64,0,19.57
387,Porto Santo,PT,2022-04-05 02:51:03,33.072,-16.3415,55.78,67,40,17.27
388,Shihezi,CN,2022-04-05 02:51:05,44.3,86.0333,63.93,19,97,0.92
389,Hualmay,PE,2022-04-05 02:51:08,-11.0964,-77.6139,69.15,84,87,9.44
390,Oranjemund,NA,2022-04-05 02:51:10,-28.55,16.4333,58.41,84,0,4.43
391,Nhulunbuy,AU,2022-04-05 02:51:13,-12.2333,136.7667,90.21,58,40,10.36
392,Havre,FR,2022-04-05 02:51:15,49.5833,0.3333,50.4,93,100,12.66
393,Husavik,IS,2022-04-05 02:51:17,66.0449,-17.3389,23.23,89,100,8.68
394,Okato,NZ,2022-04-05 02:51:18,-39.2,173.8833,68.92,86,100,11.39
395,Kemijarvi,FI,2022-04-05 02:51:20,66.7131,27.4306,25.9,96,100,8.81
396,Amahai,ID,2022-04-05 02:51:22,-3.3333,128.9167,84.25,64,80,4.88
397,Santo Domingo,DO,2022-04-05 02:46:40,18.5001,-69.9886,78.93,89,20,0.0
398,Bugene,TZ,2022-04-05 02:51:26,-1.5911,31.1403,57.45,93,15,2.42
399,Tilichiki,RU,2022-04-05 02:51:27,60.4667,166.1,19.85,80,40,5.28
400,Yershov,RU,2022-04-05 02:51:29,51.3513,48.2766,31.33,86,18,10.78
401,Canaries,ES,2022-04-05 02:51:31,28.0,-15.5,53.56,51,20,10.36
402,Aykhal,RU,2022-04-05 02:51:32,66.0,111.5,6.21,86,100,5.93
403,Santa Rosa,PH,2022-04-05 02:51:33,14.3122,121.1114,80.58,85,100,15.01
404,San Ramon,US,2022-04-05 02:51:04,37.7799,-121.978,61.02,79,0,16.11
405,Chik,RU,2022-04-05 02:51:33,54.9928,82.4311,42.55,75,0,11.18
406,Comodoro Rivadavia,AR,2022-04-05 02:51:33,-45.8667,-67.5,62.46,42,0,31.07
407,Mandera,KE,2022-04-05 02:51:34,3.9366,41.867,80.87,60,7,11.74
408,Sorland,NO,2022-04-05 02:51:34,67.667,12.6934,30.9,48,17,11.61
409,Brawley,US,2022-04-05 02:51:34,32.9787,-115.5303,86.22,21,0,3.44
410,Nalut,LY,2022-04-05 02:51:35,30.3333,10.85,75.43,15,40,10.8
411,Buala,SB,2022-04-05 02:51:35,-8.145,159.5921,80.2,88,100,12.19
412,Balangir,IN,2022-04-05 02:51:35,20.7167,83.4833,90.46,42,14,7.52
413,Yatou,CN,2022-04-05 02:52:36,37.15,122.3833,56.55,56,100,19.26
414,Bend,US,2022-04-05 02:50:58,44.0582,-121.3153,36.68,76,0,14.97
415,Andenes,NO,2022-04-05 02:52:42,69.3143,16.1194,22.93,68,100,6.91
416,Nicoya,CR,2022-04-05 02:52:45,10.1483,-85.452,81.18,72,100,3.27
417,Mbanza-Ngungu,CD,2022-04-05 02:52:49,-5.25,14.8667,68.49,99,100,3.0
418,Belle Fourche,US,2022-04-05 02:52:50,44.6714,-103.8522,57.33,21,100,9.06
419,Pyapon,MM,2022-04-05 02:52:51,16.2833,95.6833,88.07,46,82,4.52
420,Ponta Delgada,PT,2022-04-05 02:52:52,37.7333,-25.6667,56.12,71,20,5.75
421,Isangel,VU,2022-04-05 02:52:53,-19.55,169.2667,82.02,80,100,9.64
422,Arrecife,ES,2022-04-05 02:52:53,28.963,-13.5477,60.78,59,20,11.5
423,Barrancas,CO,2022-04-05 02:52:53,10.9576,-72.7877,77.13,91,100,3.0
424,Sombrio,BR,2022-04-05 02:52:10,-29.1139,-49.6167,70.93,95,100,4.88
425,Montrose,US,2022-04-05 02:50:37,38.4166,-108.2673,51.21,34,100,15.32
426,Riyadh,SA,2022-04-05 02:49:36,24.6877,46.7219,69.94,12,8,4.05
427,Saint-Donat-De-Montcalm,CA,2022-04-05 02:52:58,46.3187,-74.2219,30.06,96,36,2.84
428,Agadir,MA,2022-04-05 02:53:00,30.4202,-9.5982,55.85,69,13,10.58
429,Veinticinco De Mayo,AR,2022-04-05 02:53:00,-35.4323,-60.1727,55.98,49,0,6.8
430,Coquimbo,CL,2022-04-05 02:53:02,-29.9533,-71.3436,56.93,88,0,5.75
431,Hay River,CA,2022-04-05 02:48:20,60.8156,-115.7999,44.58,49,75,5.75
432,Qaqortoq,GL,2022-04-05 02:53:05,60.7167,-46.0333,33.62,81,100,4.72
433,Vestmanna,FO,2022-04-05 02:53:08,62.1564,-7.1664,29.32,86,100,5.75
434,Paamiut,GL,2022-04-05 02:53:10,61.994,-49.6678,30.65,95,100,11.88
435,Malabo,GQ,2022-04-05 02:50:53,3.75,8.7833,73.26,88,20,3.44
436,Abu Dhabi,AE,2022-04-05 02:53:13,24.4667,54.3667,73.96,96,2,2.3
437,Ossora,RU,2022-04-05 02:53:16,59.2353,163.0719,24.82,72,24,2.55
438,Jamame,SO,2022-04-05 02:53:19,0.0722,42.7506,77.36,86,34,5.61
439,Klaksvik,FO,2022-04-05 02:53:20,62.2266,-6.589,31.12,65,100,14.65
440,Leshukonskoye,RU,2022-04-05 02:53:23,64.8989,45.7622,14.07,95,46,3.11
441,Totma,RU,2022-04-05 02:53:26,59.9747,42.7642,11.28,98,92,3.11
442,Vieques,PR,2022-04-05 02:53:28,18.425,-65.8329,77.09,88,40,3.44
443,Anshun,CN,2022-04-05 02:53:31,26.25,105.9333,51.3,74,100,6.71
444,Spencer,US,2022-04-05 02:53:33,43.1414,-95.1444,44.53,66,3,11.83
445,Datong,CN,2022-04-05 02:53:36,40.0936,113.2914,56.32,22,0,8.19
446,Puerto Palomas,MX,2022-04-05 02:53:39,31.7667,-107.6167,67.15,22,1,14.58
447,Mahajanga,MG,2022-04-05 02:53:41,-15.7167,46.3167,75.22,100,20,3.44
448,Borogontsy,RU,2022-04-05 02:53:43,62.6683,131.1683,19.53,87,97,9.48
449,Magole,TZ,2022-04-05 02:53:50,-6.3667,37.3667,70.16,91,61,3.02
450,Karratha,AU,2022-04-05 02:53:51,-20.7377,116.8463,92.86,36,0,4.7
451,Diu,IN,2022-04-05 02:53:53,20.7141,70.9822,85.41,41,6,2.06
452,Ahipara,NZ,2022-04-05 02:53:53,-35.1667,173.1667,72.03,75,100,7.4
453,Mangai,CD,2022-04-05 02:53:54,-4.05,19.5333,67.8,97,100,1.92
454,Yerbogachen,RU,2022-04-05 02:51:40,61.2767,108.0108,16.65,81,92,4.7
455,Agirish,RU,2022-04-05 02:53:58,61.9247,63.0231,23.23,97,100,7.87
456,Bambanglipuro,ID,2022-04-05 02:54:00,-7.95,110.2833,83.79,70,15,3.67
457,Maragogi,BR,2022-04-05 02:54:01,-9.0122,-35.2225,76.82,78,9,3.11
458,Tottenham,AU,2022-04-05 02:54:02,-32.2333,147.35,77.92,28,0,3.31
459,San Rafael,AR,2022-04-05 02:50:32,-34.6177,-68.3301,60.84,32,0,8.1
460,Port Hawkesbury,CA,2022-04-05 02:52:04,45.6169,-61.3485,29.91,98,100,12.66
461,Moengo,SR,2022-04-05 02:55:07,5.6167,-54.4,73.35,93,96,1.79
462,Whitecourt,CA,2022-04-05 02:55:10,54.1502,-115.6855,45.64,45,75,13.8
463,Fangshan,CN,2022-04-05 02:55:12,39.6983,115.9925,74.34,12,0,10.8
464,Akureyri,IS,2022-04-05 02:55:14,65.6835,-18.0878,24.73,68,100,6.91
465,Bandarbeyla,SO,2022-04-05 02:55:21,9.4942,50.8122,76.33,77,60,3.96
466,Culaman,PH,2022-04-05 02:55:24,5.9603,125.6586,83.5,73,100,1.34
467,Kayankulam,IN,2022-04-05 02:55:27,9.1833,76.5,81.39,78,19,4.21
468,Denia,ES,2022-04-05 02:54:27,38.8408,0.1057,54.46,77,100,17.0
469,Sovetskiy,RU,2022-04-05 02:55:32,61.3614,63.5842,29.97,99,100,5.08
470,Eyl,SO,2022-04-05 02:55:35,7.9803,49.8164,76.5,77,49,1.97
471,Truro,GB,2022-04-05 02:55:38,50.2653,-5.0544,51.08,93,75,13.8
472,Tiarei,PF,2022-04-05 02:55:40,-17.5333,-149.3333,87.82,77,11,17.76
473,Vanimo,PG,2022-04-05 02:55:43,-2.6741,141.3028,85.35,65,99,1.97
474,Colesberg,ZA,2022-04-05 02:55:46,-30.72,25.0972,50.2,58,0,4.36
475,Morondava,MG,2022-04-05 02:55:48,-20.2833,44.2833,73.76,83,0,6.35
476,Calabozo,VE,2022-04-05 02:55:49,8.9242,-67.4293,86.07,49,92,1.68
477,Guozhen,CN,2022-04-05 02:55:49,34.3659,107.359,73.63,19,1,2.68
478,Kidal,ML,2022-04-05 02:55:49,18.4411,1.4078,84.24,5,84,5.55
479,Marienburg,PL,2022-04-05 02:55:50,54.0359,19.0266,39.88,77,100,20.58
480,Port Elizabeth,ZA,2022-04-05 02:55:50,-33.918,25.5701,65.32,74,0,7.0
481,Sitka,US,2022-04-05 02:55:50,57.0531,-135.33,38.7,88,100,4.09
482,Jumla,NP,2022-04-05 02:55:51,29.2747,82.1838,64.49,20,4,1.99
483,Orumiyeh,IR,2022-04-05 02:55:51,37.5527,45.0761,45.95,49,75,4.61
484,Manado,ID,2022-04-05 02:55:51,1.487,124.8455,90.37,58,20,12.66
485,Mujiayingzi,CN,2022-04-05 02:55:51,42.1167,118.7833,48.07,23,18,17.83
486,Araguari,BR,2022-04-05 02:55:52,-18.6472,-48.1872,73.69,73,9,2.86
487,Naryan-Mar,RU,2022-04-05 02:52:13,67.6713,53.087,2.03,100,100,6.2
488,Lata,PT,2022-04-05 02:53:57,40.1629,-8.3327,42.21,57,100,5.41
489,Susuman,RU,2022-04-05 02:55:52,62.7833,148.1667,11.3,75,97,7.34
490,Nyurba,RU,2022-04-05 02:55:52,63.2842,118.3319,12.29,82,96,7.36
491,Kabare,CD,2022-04-05 02:55:53,-2.4683,28.8242,59.29,93,28,0.09
492,Lasa,IT,2022-04-05 02:55:53,46.6166,10.7002,34.02,67,36,4.99
493,Saint-Francois,FR,2022-04-05 02:55:53,46.4154,3.9054,38.64,75,100,6.91
494,Masuguru,TZ,2022-04-05 02:55:54,-11.3667,38.4167,70.09,98,13,1.99
495,Mahebourg,MU,2022-04-05 02:55:08,-20.4081,57.7,78.26,94,75,10.36
496,Sivaki,RU,2022-04-05 02:55:54,52.6333,126.75,28.42,38,100,17.52
497,Ulladulla,AU,2022-04-05 02:55:54,-35.35,150.4667,75.78,71,50,7.07
498,Jardim,BR,2022-04-05 02:55:55,-21.4803,-56.1381,74.91,74,40,3.2
499,Guaymas,MX,2022-04-05 02:55:55,27.9333,-110.9,67.89,55,0,3.78
500,Nampa,US,2022-04-05 02:51:54,43.5407,-116.5635,55.51,39,75,24.16
501,Westport,US,2022-04-05 02:55:55,41.1415,-73.3579,48.2,57,95,3.0
502,Boende,CD,2022-04-05 02:55:56,-0.2167,20.8667,70.32,98,92,3.0
503,Botwood,CA,2022-04-05 02:55:56,49.1499,-55.3482,34.9,96,100,15.19
504,Marsa Matruh,EG,2022-04-05 02:55:56,31.3525,27.2453,62.8,67,0,8.05
505,Cockburn Town,TC,2022-04-05 02:55:57,21.4612,-71.1419,77.9,81,0,16.08
506,Genhe,CN,2022-04-05 02:52:45,50.7833,121.5167,21.69,54,74,11.52
507,Miracema Do Tocantins,BR,2022-04-05 02:56:57,-9.5618,-48.3967,75.16,86,98,2.53
508,Teguise,ES,2022-04-05 02:53:43,29.0605,-13.564,57.42,59,20,11.5
509,Port Augusta,AU,2022-04-05 02:56:57,-32.5,137.7667,85.42,15,0,6.73
510,Lakatoro,VU,2022-04-05 02:56:58,-16.0999,167.4164,82.71,76,100,13.51
511,Pitimbu,BR,2022-04-05 02:56:58,-7.4706,-34.8086,75.79,77,27,8.59
512,Wladyslawowo,PL,2022-04-05 02:56:58,54.7909,18.4009,39.0,96,100,24.27
513,Bubaque,GW,2022-04-05 02:56:59,11.2833,-15.8333,76.8,68,0,9.28
514,Papar,MY,2022-04-05 02:56:59,5.7333,115.9333,84.2,76,97,3.94
515,Muisne,EC,2022-04-05 02:56:59,0.6,-80.0333,76.06,87,50,2.28
516,Kabwe,ZM,2022-04-05 02:57:00,-14.4469,28.4464,62.8,93,54,2.42
517,Qiongshan,CN,2022-04-05 02:57:00,20.0058,110.3542,75.18,73,75,13.42
518,Bay Roberts,CA,2022-04-05 02:57:00,47.5999,-53.2648,39.65,95,100,5.01
519,Norman Wells,CA,2022-04-05 02:57:00,65.282,-126.8329,3.24,51,75,12.66
520,Porto Novo,BJ,2022-04-05 02:52:05,6.4965,2.6036,82.22,77,100,6.96
521,Ewo,CG,2022-04-05 02:57:01,-0.8725,14.8206,72.55,93,98,3.09
522,Serebryansk,KZ,2022-04-05 02:57:01,49.6925,83.2892,35.67,98,76,6.24
523,Fairbanks,US,2022-04-05 02:56:16,64.8378,-147.7164,23.09,54,0,6.91
524,Lodwar,KE,2022-04-05 02:52:32,3.1191,35.5973,85.93,40,79,9.57
525,Roald,NO,2022-04-05 02:57:02,62.5833,6.1333,31.08,100,98,1.14
526,Praia,CV,2022-04-05 02:57:02,14.9215,-23.5087,70.34,78,75,10.36
527,Tokur,RU,2022-04-05 02:57:02,53.1333,132.9,18.48,89,100,10.54
528,Stokmarknes,NO,2022-04-05 02:57:03,68.5646,14.9108,15.78,62,0,3.44
529,Cambridge,CA,2022-04-05 02:57:03,43.3601,-80.3127,39.22,91,100,4.61
530,Inuvik,CA,2022-04-05 02:57:03,68.3499,-133.7218,-10.34,58,100,4.61
531,Necochea,AR,2022-04-05 02:57:03,-38.5473,-58.7368,52.32,69,56,9.64
532,Tehachapi,US,2022-04-05 02:57:04,35.1322,-118.449,63.39,56,4,8.01
533,Poya,NC,2022-04-05 02:57:04,-21.35,165.15,82.0,74,100,6.42
534,Ribeira Brava,PT,2022-04-05 02:57:04,32.65,-17.0667,56.03,78,22,10.89
535,Marzuq,YE,2022-04-05 02:57:05,14.4,46.4667,65.19,34,1,2.1
536,Paso De Los Toros,UY,2022-04-05 02:57:05,-32.8167,-56.5167,53.01,43,0,7.36
537,Havre-Saint-Pierre,CA,2022-04-05 02:57:05,50.2334,-63.5986,32.0,59,0,11.5
538,Christchurch,NZ,2022-04-05 02:53:43,-43.5333,172.6333,70.48,79,20,6.91
539,York,US,2022-04-05 02:55:43,40.1254,-77.0,44.11,62,0,0.0
540,Jacareacanga,BR,2022-04-05 02:57:06,-6.2222,-57.7528,73.51,99,100,2.19
541,Mahibadhoo,MV,2022-04-05 02:57:06,3.7833,72.9667,83.16,64,29,2.13
542,Merauke,ID,2022-04-05 02:57:07,-8.4667,140.3333,85.17,63,51,5.88
543,Maningrida,AU,2022-04-05 02:57:07,-12.0667,134.2667,88.03,58,16,5.21
544,Mariental,NA,2022-04-05 02:57:07,-24.6333,17.9667,59.04,28,0,3.53
545,Newport,GB,2022-04-05 02:57:07,51.5877,-2.9984,53.26,84,99,9.71
546,Acapulco,MX,2022-04-05 02:54:26,16.8634,-99.8901,75.43,75,62,8.5
547,Esmeraldas,BR,2022-04-05 02:57:08,-19.7625,-44.3139,72.46,82,69,3.76
548,Forbes,AU,2022-04-05 02:57:08,-33.3833,148.0167,75.2,32,0,5.95
549,Rio Gallegos,AR,2022-04-05 02:57:08,-51.6226,-69.2181,35.65,75,0,14.97
550,Sakakah,SA,2022-04-05 02:57:09,29.9697,40.2064,67.57,19,86,7.23
551,Xuanhua,CN,2022-04-05 02:57:09,40.6103,115.0447,56.48,26,0,10.45
552,Maarianhamina,AX,2022-04-05 02:57:09,60.0973,19.9348,30.06,86,100,18.41
553,Broome,US,2022-04-05 02:57:10,42.2506,-75.833,37.6,76,79,3.0
554,Arlit,NE,2022-04-05 02:55:10,18.7369,7.3853,83.52,7,98,7.76
555,Nanakuli,US,2022-04-05 02:57:10,21.3906,-158.1547,76.1,64,100,12.75
556,Labuan,MY,2022-04-05 02:58:10,5.2767,115.2417,82.76,88,40,5.01
557,Anderson,US,2022-04-05 02:58:11,34.5334,-82.6499,57.58,69,62,1.9
558,Bongandanga,CD,2022-04-05 02:58:11,1.5,21.05,72.16,80,75,1.21
559,Oudtshoorn,ZA,2022-04-05 02:58:11,-33.5907,22.2014,59.36,81,20,0.94
560,Tessalit,ML,2022-04-05 02:54:10,20.1986,1.0114,80.78,9,0,2.66
561,Rach Gia,VN,2022-04-05 02:58:12,10.0167,105.0833,83.68,61,26,8.32
562,Caceres,ES,2022-04-05 02:58:12,39.522,-6.3748,45.79,55,100,13.71
563,Kardla,EE,2022-04-05 02:58:12,58.9978,22.7492,34.05,97,100,15.32
564,Mayo,US,2022-04-05 02:58:13,38.8876,-76.5119,50.25,73,100,5.75
565,Loding,NO,2022-04-05 02:58:13,67.3,14.75,17.51,73,0,13.8
566,Pacific Grove,US,2022-04-05 02:58:13,36.6177,-121.9166,62.02,87,100,5.99
567,Vardo,NO,2022-04-05 02:58:14,70.3705,31.1107,29.19,60,100,21.23
568,Deder,ET,2022-04-05 02:58:14,9.3167,41.45,57.47,51,56,4.5
569,Paka,MY,2022-04-05 02:58:14,4.6374,103.4368,76.98,88,40,0.0
570,Ixtapa,MX,2022-04-05 02:58:15,20.7,-105.2,71.22,80,8,3.0
571,Moyale,KE,2022-04-05 02:58:15,3.5167,39.0584,67.93,63,31,5.37
572,Gemena,CD,2022-04-05 02:58:15,3.25,19.7667,71.22,78,43,2.01
573,Oum Hadjer,TD,2022-04-05 02:58:16,13.2954,19.6966,84.45,9,65,10.31
574,Apollonia,GR,2022-04-05 02:58:16,36.9716,24.7231,60.39,75,100,8.86
575,Acajutla,SV,2022-04-05 02:58:16,13.5928,-89.8275,81.68,74,43,3.8
576,Chulym,RU,2022-04-05 02:58:17,55.0997,80.9572,37.96,91,100,10.33
577,Panacan,PH,2022-04-05 02:58:17,9.2463,118.4082,85.06,70,96,7.83
578,Nome,US,2022-04-05 02:54:04,64.5011,-165.4064,7.56,72,13,8.86
579,Trinidad,BO,2022-04-05 02:58:17,-14.8333,-64.9,73.15,92,55,0.09
580,Marshfield,US,2022-04-05 02:58:18,44.6689,-90.1718,35.19,96,70,0.87
581,Banda Aceh,ID,2022-04-05 02:58:18,5.5577,95.3222,82.99,69,100,2.24
582,Pirovskoye,RU,2022-04-05 02:58:18,57.6267,92.2658,35.38,100,100,5.88
